{
    "PlayerName": "Deli_",
    "PlayTime": {
        "_value": 5597.09619140625
    },
    "SaveTimer": {
        "_value": 0.0011048316955566407
    },
    "PlayerJob": {
        "_value": 0
    }
}