{
    "PlayerName": "Deli_",
    "PlayTime": {
        "_value": 6062.02490234375
    },
    "SaveTimer": {
        "_value": 0.0012531280517578126
    },
    "PlayerJob": {
        "_value": 0
    }
}