{
    "PlayerName": "Deli_",
    "PlayTime": {
        "_value": 6364.10498046875
    },
    "SaveTimer": {
        "_value": 0.006810665130615234
    },
    "PlayerJob": {
        "_value": 3
    }
}