{
    "PlayerName": "Deli_",
    "PlayTime": {
        "_value": 5527.06591796875
    },
    "SaveTimer": {
        "_value": 0.0019288063049316407
    },
    "PlayerJob": {
        "_value": 0
    }
}