{
    "PlayerName": "Deli_",
    "PlayTime": {
        "_value": 6609.07666015625
    },
    "SaveTimer": {
        "_value": 75.01478576660156
    },
    "PlayerJob": {
        "_value": 3
    }
}