{
    "PlayerName": "Deli_",
    "PlayTime": {
        "_value": 5547.05322265625
    },
    "SaveTimer": {
        "_value": 0.0003294944763183594
    },
    "PlayerJob": {
        "_value": 1
    }
}