{
    "PlayerName": "Deli_",
    "PlayTime": {
        "_value": 5957.0439453125
    },
    "SaveTimer": {
        "_value": 0.0009503364562988281
    },
    "PlayerJob": {
        "_value": 0
    }
}