{
    "PlayerName": "Deli_",
    "PlayTime": {
        "_value": 6057.0234375
    },
    "SaveTimer": {
        "_value": 0.0030884742736816408
    },
    "PlayerJob": {
        "_value": 0
    }
}