{
    "PlayerName": "Deli_",
    "PlayTime": {
        "_value": 5582.0556640625
    },
    "SaveTimer": {
        "_value": 0.001476287841796875
    },
    "PlayerJob": {
        "_value": 0
    }
}