{
    "PlayerName": "Deli_",
    "PlayTime": {
        "_value": 6077.04443359375
    },
    "SaveTimer": {
        "_value": 0.0005855560302734375
    },
    "PlayerJob": {
        "_value": 3
    }
}