{
    "PlayerName": "Deli_",
    "PlayTime": {
        "_value": 6052.02001953125
    },
    "SaveTimer": {
        "_value": 0.0030045509338378908
    },
    "PlayerJob": {
        "_value": 0
    }
}