{
    "PlayerName": "Deli_",
    "PlayTime": {
        "_value": 6384.103515625
    },
    "SaveTimer": {
        "_value": 0.004239559173583984
    },
    "PlayerJob": {
        "_value": 0
    }
}